<?xml version="1.0" encoding="UTF-8"?>
<metadata xml:lang="en"><Esri><CreaDate>20190305</CreaDate><CreaTime>10214200</CreaTime><ArcGISFormat>1.0</ArcGISFormat><SyncOnce>TRUE</SyncOnce><DataProperties><itemProps><itemLocation><linkage Sync="TRUE">file://\\gmp-multi\GIS\Data_Holdings\G_Morne\Biotic\Fauna\Mammals\Moose\Moose Survey\Moose Survey 2019\GIS\Pre-Stratification_2019</linkage><protocol Sync="TRUE">Local Area Network</protocol></itemLocation></itemProps><copyHistory><copy source="P:\Data_Holdings\G_Morne\Biotic\Fauna\Mammals\Moose\Moose Survey\Moose Survey 2019\Arc_GIS_Docs\Pre-Stratification_2019" dest="\\gmp-multi\GIS\Data_Holdings\G_Morne\Biotic\Fauna\Mammals\Moose\Moose Survey\Moose Survey 2019\GIS\Pre-Stratification_2019" date="20190305" time="10214200"></copy></copyHistory></DataProperties></Esri></metadata>
