<?xml version="1.0" encoding="UTF-8"?>
<metadata xml:lang="en"><Esri><CreaDate>20210304</CreaDate><CreaTime>12080100</CreaTime><ArcGISFormat>1.0</ArcGISFormat><SyncOnce>TRUE</SyncOnce><DataProperties><itemProps><itemLocation><linkage Sync="TRUE">file://\\gmp-multi\GIS\Data_Holdings\G_Morne\Biotic\Fauna\Mammals\Moose\Moose Survey\Moose Survey 2021\GIS\monitoring_plots24</linkage><protocol Sync="TRUE">Local Area Network</protocol></itemLocation></itemProps><copyHistory><copy source="P:\Data_Holdings\G_Morne\Biotic\Fauna\Mammals\Moose\Moose Survey\Moose Survey 2017\GIS\monitoring_plots24" dest="\\gmp-multi\GIS\Data_Holdings\G_Morne\Biotic\Fauna\Mammals\Moose\Moose Survey\Moose Survey 2021\GIS\monitoring_plots24" date="20210304" time="12080100"></copy></copyHistory></DataProperties></Esri></metadata>
